1,Illusory,Based on illusion; not real or true; deceptive,The magician's tricks gave the audience an illusory sense of danger.,Real
2,Inexplicable,Impossible to explain or understand,The sudden disappearance of the keys was inexplicable.,Explainable
3,Put down,To insult or belittle; also to write down,He felt embarrassed when his friend put him down in front of others.,Compliment
4,Coordinate,To organize so parts work together effectively,The teams must coordinate their efforts to succeed.,Disorganize
5,Considerate,Showing concern for others' feelings,She is always considerate toward her classmates.,Inconsiderate
6,Apprentice,A person learning a trade from a skilled employer,The apprentice learned woodworking techniques from his master.,Expert
7,Expedite,To speed up or facilitate,The manager expedited the approval process.,Delay
8,Fecundity,Fertility or ability to produce abundantly,The region's soil is known for its natural fecundity.,Barrenness
9,Expediency,The quality of being convenient and practical despite possibly being improper,He chose expediency over honesty to solve the issue quickly.,Integrity
10,Summarize,To give a brief statement of the main points,The teacher asked him to summarize the chapter in two sentences.,Elaborate
11,Inertia,Resistance to change in motion or condition,The project remained stuck due to the team's inertia.,Momentum
12,Facetious,Treating serious issues with inappropriate humor,His facetious remarks during the meeting annoyed everyone.,Serious
13,Steward,A person who manages or looks after something,The steward ensured that all guests were comfortable.,Neglector
14,Decry,To publicly denounce or criticize,Many activists decried the unfair new policy.,Praise
15,Realize,To become fully aware of something; to achieve,She realized her mistake and corrected it immediately.,Ignore
16,Withdraw,To remove or take away; to retreat or pull back,He decided to withdraw his application from the program.,Advance
17,Concentrate,To focus all attention or effort on something,He needed complete silence to concentrate on his homework.,Distract
18,Decisiveness,The ability to make decisions quickly and firmly,Her decisiveness helped the team avoid unnecessary delays.,Indecision
19,Unbolt,To open by removing bolts or fasteners,He unbolted the door and stepped outside quietly.,Fasten
20,Melodic,Having a pleasant melody or tune,The singer's melodic voice captivated the entire audience.,Harsh
21,Exhibit,To show or display,The museum will exhibit ancient artifacts this summer.,Hide
22,Defy,To openly resist or refuse to obey,The protesters continued to defy the curfew.,Obey
23,Pretentious,Attempting to impress by affecting greater importance,His pretentious tone annoyed everyone in the room.,Modest
24,Trigger,To cause something to start or happen,The loud noise triggered the alarm instantly.,Prevent
25,Soothe,To calm or relieve pain or distress,Warm tea can help soothe a sore throat.,Aggravate
